Designator,Qty,Value,Footprint,Layer
BZ1,1,PASSIVE_BUZZER_D6,Buzzer_12x9.5RM7.6,Top
C1,1,470uF_25V_RELAY_BULK,C_Radial_D10.0mm_H12.5mm_P5.00mm,Top
C2,1,100nF_ULN1,C_Disc_D5.0mm_W2.5mm_P5.00mm,Top
C3,1,100nF_ULN2,C_Disc_D5.0mm_W2.5mm_P5.00mm,Top
H1,1,M3_NPTH,MountingHole_1,Top
H2,1,M3_NPTH,MountingHole_2,Top
H3,1,M3_NPTH,MountingHole_3,Top
H4,1,M3_NPTH,MountingHole_4,Top
H5,1,M3_NPTH,MountingHole_5,Top
H6,1,M3_NPTH,MountingHole_6,Top
J1,1,12V_IN,12V_IN,Top
JR1,1,COM_NO_NC,TerminalBlock_Phoenix_MKDS-1.5-3-5.08,Top
JR10,1,COM_NO_NC,TerminalBlock_Phoenix_MKDS-1.5-3-5.08,Top
JR11,1,COM_NO_NC,TerminalBlock_Phoenix_MKDS-1.5-3-5.08,Top
JR12,1,COM_NO_NC,TerminalBlock_Phoenix_MKDS-1.5-3-5.08,Top
JR13,1,COM_NO_NC,TerminalBlock_Phoenix_MKDS-1.5-3-5.08,Top
JR14,1,COM_NO_NC,TerminalBlock_Phoenix_MKDS-1.5-3-5.08,Top
JR15,1,COM_NO_NC,TerminalBlock_Phoenix_MKDS-1.5-3-5.08,Top
JR16,1,COM_NO_NC,TerminalBlock_Phoenix_MKDS-1.5-3-5.08,Top
JR2,1,COM_NO_NC,TerminalBlock_Phoenix_MKDS-1.5-3-5.08,Top
JR3,1,COM_NO_NC,TerminalBlock_Phoenix_MKDS-1.5-3-5.08,Top
JR4,1,COM_NO_NC,TerminalBlock_Phoenix_MKDS-1.5-3-5.08,Top
JR5,1,COM_NO_NC,TerminalBlock_Phoenix_MKDS-1.5-3-5.08,Top
JR6,1,COM_NO_NC,TerminalBlock_Phoenix_MKDS-1.5-3-5.08,Top
JR7,1,COM_NO_NC,TerminalBlock_Phoenix_MKDS-1.5-3-5.08,Top
JR8,1,COM_NO_NC,TerminalBlock_Phoenix_MKDS-1.5-3-5.08,Top
JR9,1,COM_NO_NC,TerminalBlock_Phoenix_MKDS-1.5-3-5.08,Top
J_ALBA,1,ALBA_12V_R_G_B,ALBA_12V_R_G_B,Top
J_CASETTE,1,CASETTE_12V_GND_DATA,CASETTE_12V_GND_DATA,Top
J_CIELO,1,CIELO_12V_R_G_B,CIELO_12V_R_G_B,Top
J_NEXT,1,NEXT_GND,NEXT_GND,Top
J_OLED,1,OLED_5V_GND_SDA_SCL,OLED_5V_GND_SDA_SCL,Top
J_START,1,START_GND,START_GND,Top
J_STELLE,1,STELLE_12V_GND_DATA,STELLE_12V_GND_DATA,Top
J_TEST,1,TEST_GND,TEST_GND,Top
J_TRAMONTO,1,TRAMONTO_12V_R_G_B,TRAMONTO_12V_R_G_B,Top
K1,1,G5Q-1_DC12,Relay_Omron_G5Q-1_SPDT,Top
K10,1,G5Q-1_DC12,Relay_Omron_G5Q-1_SPDT,Top
K11,1,G5Q-1_DC12,Relay_Omron_G5Q-1_SPDT,Top
K12,1,G5Q-1_DC12,Relay_Omron_G5Q-1_SPDT,Top
K13,1,G5Q-1_DC12,Relay_Omron_G5Q-1_SPDT,Top
K14,1,G5Q-1_DC12,Relay_Omron_G5Q-1_SPDT,Top
K15,1,G5Q-1_DC12,Relay_Omron_G5Q-1_SPDT,Top
K16,1,G5Q-1_DC12,Relay_Omron_G5Q-1_SPDT,Top
K2,1,G5Q-1_DC12,Relay_Omron_G5Q-1_SPDT,Top
K3,1,G5Q-1_DC12,Relay_Omron_G5Q-1_SPDT,Top
K4,1,G5Q-1_DC12,Relay_Omron_G5Q-1_SPDT,Top
K5,1,G5Q-1_DC12,Relay_Omron_G5Q-1_SPDT,Top
K6,1,G5Q-1_DC12,Relay_Omron_G5Q-1_SPDT,Top
K7,1,G5Q-1_DC12,Relay_Omron_G5Q-1_SPDT,Top
K8,1,G5Q-1_DC12,Relay_Omron_G5Q-1_SPDT,Top
K9,1,G5Q-1_DC12,Relay_Omron_G5Q-1_SPDT,Top
MCU1,1,Arduino_Mega2560_R3_Shield,Arduino_Mega2560_R3_Shield,Top
Q1,1,IRLZ44N_CIELO_R,TO-220-3_Vertical,Top
Q2,1,IRLZ44N_CIELO_G,TO-220-3_Vertical,Top
Q3,1,IRLZ44N_CIELO_B,TO-220-3_Vertical,Top
Q4,1,IRLZ44N_TRAM_R,TO-220-3_Vertical,Top
Q5,1,IRLZ44N_TRAM_G,TO-220-3_Vertical,Top
Q6,1,IRLZ44N_TRAM_B,TO-220-3_Vertical,Top
Q7,1,IRLZ44N_ALBA_R,TO-220-3_Vertical,Top
Q8,1,IRLZ44N_ALBA_G,TO-220-3_Vertical,Top
Q9,1,IRLZ44N_ALBA_B,TO-220-3_Vertical,Top
RG1,1,100R_GATE,R_Axial_DIN0207_L6.3mm_D2.5mm_P10.16mm_Horizontal,Top
RG2,1,100R_GATE,R_Axial_DIN0207_L6.3mm_D2.5mm_P10.16mm_Horizontal,Top
RG3,1,100R_GATE,R_Axial_DIN0207_L6.3mm_D2.5mm_P10.16mm_Horizontal,Top
RG4,1,100R_GATE,R_Axial_DIN0207_L6.3mm_D2.5mm_P10.16mm_Horizontal,Top
RG5,1,100R_GATE,R_Axial_DIN0207_L6.3mm_D2.5mm_P10.16mm_Horizontal,Top
RG6,1,100R_GATE,R_Axial_DIN0207_L6.3mm_D2.5mm_P10.16mm_Horizontal,Top
RG7,1,100R_GATE,R_Axial_DIN0207_L6.3mm_D2.5mm_P10.16mm_Horizontal,Top
RG8,1,100R_GATE,R_Axial_DIN0207_L6.3mm_D2.5mm_P10.16mm_Horizontal,Top
RG9,1,100R_GATE,R_Axial_DIN0207_L6.3mm_D2.5mm_P10.16mm_Horizontal,Top
RPD1,1,100K_PULLDOWN,R_Axial_DIN0207_L6.3mm_D2.5mm_P10.16mm_Horizontal,Top
RPD2,1,100K_PULLDOWN,R_Axial_DIN0207_L6.3mm_D2.5mm_P10.16mm_Horizontal,Top
RPD3,1,100K_PULLDOWN,R_Axial_DIN0207_L6.3mm_D2.5mm_P10.16mm_Horizontal,Top
RPD4,1,100K_PULLDOWN,R_Axial_DIN0207_L6.3mm_D2.5mm_P10.16mm_Horizontal,Top
RPD5,1,100K_PULLDOWN,R_Axial_DIN0207_L6.3mm_D2.5mm_P10.16mm_Horizontal,Top
RPD6,1,100K_PULLDOWN,R_Axial_DIN0207_L6.3mm_D2.5mm_P10.16mm_Horizontal,Top
RPD7,1,100K_PULLDOWN,R_Axial_DIN0207_L6.3mm_D2.5mm_P10.16mm_Horizontal,Top
RPD8,1,100K_PULLDOWN,R_Axial_DIN0207_L6.3mm_D2.5mm_P10.16mm_Horizontal,Top
RPD9,1,100K_PULLDOWN,R_Axial_DIN0207_L6.3mm_D2.5mm_P10.16mm_Horizontal,Top
RV1,1,B10K,Potentiometer_Alps_RK09K_Single_Horizontal,Top
U1,1,ULN2803C,ULN2803C_DIP18,Top
U2,1,ULN2803C,ULN2803C_DIP18,Top
