Designator,Mid X,Mid Y,Layer,Rotation
BZ1,48.0000mm,156.0000mm,Top,0.00
C1,126.0000mm,120.0000mm,Top,0.00
C2,132.0000mm,56.0000mm,Top,0.00
C3,132.0000mm,86.0000mm,Top,0.00
H1,27.0000mm,27.0000mm,Top,0.00
H2,150.0000mm,27.0000mm,Top,0.00
H3,27.0000mm,170.0000mm,Top,0.00
H4,293.0000mm,183.0000mm,Top,0.00
H5,135.0000mm,27.0000mm,Top,0.00
H6,135.0000mm,170.0000mm,Top,0.00
J1,28.0000mm,184.0000mm,Top,0.00
JR1,165.0000mm,27.0000mm,Top,0.00
JR10,292.0000mm,64.0000mm,Top,90.00
JR11,292.0000mm,80.0000mm,Top,90.00
JR12,292.0000mm,96.0000mm,Top,90.00
JR13,292.0000mm,112.0000mm,Top,90.00
JR14,292.0000mm,128.0000mm,Top,90.00
JR15,292.0000mm,144.0000mm,Top,90.00
JR16,292.0000mm,160.0000mm,Top,90.00
JR2,182.0000mm,27.0000mm,Top,0.00
JR3,199.0000mm,27.0000mm,Top,0.00
JR4,216.0000mm,27.0000mm,Top,0.00
JR5,233.0000mm,27.0000mm,Top,0.00
JR6,250.0000mm,27.0000mm,Top,0.00
JR7,267.0000mm,27.0000mm,Top,0.00
JR8,284.0000mm,27.0000mm,Top,0.00
JR9,292.0000mm,48.0000mm,Top,90.00
J_ALBA,156.0000mm,184.0000mm,Top,0.00
J_CASETTE,198.0000mm,184.0000mm,Top,0.00
J_CIELO,108.0000mm,184.0000mm,Top,0.00
J_NEXT,78.0000mm,184.0000mm,Top,0.00
J_OLED,42.0000mm,184.0000mm,Top,0.00
J_START,65.0000mm,184.0000mm,Top,0.00
J_STELLE,180.0000mm,184.0000mm,Top,0.00
J_TEST,91.0000mm,184.0000mm,Top,0.00
J_TRAMONTO,132.0000mm,184.0000mm,Top,0.00
K1,150.0000mm,60.0000mm,Top,90.00
K10,168.0000mm,115.0000mm,Top,90.00
K11,186.0000mm,115.0000mm,Top,90.00
K12,204.0000mm,115.0000mm,Top,90.00
K13,222.0000mm,115.0000mm,Top,90.00
K14,240.0000mm,115.0000mm,Top,90.00
K15,258.0000mm,115.0000mm,Top,90.00
K16,276.0000mm,115.0000mm,Top,90.00
K2,168.0000mm,60.0000mm,Top,90.00
K3,186.0000mm,60.0000mm,Top,90.00
K4,204.0000mm,60.0000mm,Top,90.00
K5,222.0000mm,60.0000mm,Top,90.00
K6,240.0000mm,60.0000mm,Top,90.00
K7,258.0000mm,60.0000mm,Top,90.00
K8,276.0000mm,60.0000mm,Top,90.00
K9,150.0000mm,115.0000mm,Top,90.00
MCU1,28.0000mm,92.0000mm,Top,0.00
Q1,70.0000mm,135.0000mm,Top,0.00
Q2,90.0000mm,135.0000mm,Top,0.00
Q3,110.0000mm,135.0000mm,Top,0.00
Q4,70.0000mm,150.0000mm,Top,0.00
Q5,90.0000mm,150.0000mm,Top,0.00
Q6,110.0000mm,150.0000mm,Top,0.00
Q7,70.0000mm,165.0000mm,Top,0.00
Q8,90.0000mm,165.0000mm,Top,0.00
Q9,110.0000mm,165.0000mm,Top,0.00
RG1,58.0000mm,132.5000mm,Top,0.00
RG2,78.0000mm,132.5000mm,Top,0.00
RG3,98.0000mm,132.5000mm,Top,0.00
RG4,58.0000mm,147.5000mm,Top,0.00
RG5,78.0000mm,147.5000mm,Top,0.00
RG6,98.0000mm,147.5000mm,Top,0.00
RG7,58.0000mm,162.5000mm,Top,0.00
RG8,78.0000mm,162.5000mm,Top,0.00
RG9,98.0000mm,162.5000mm,Top,0.00
RPD1,58.0000mm,137.5000mm,Top,0.00
RPD2,78.0000mm,137.5000mm,Top,0.00
RPD3,98.0000mm,137.5000mm,Top,0.00
RPD4,58.0000mm,152.5000mm,Top,0.00
RPD5,78.0000mm,152.5000mm,Top,0.00
RPD6,98.0000mm,152.5000mm,Top,0.00
RPD7,58.0000mm,167.5000mm,Top,0.00
RPD8,78.0000mm,167.5000mm,Top,0.00
RPD9,98.0000mm,167.5000mm,Top,0.00
RV1,48.0000mm,145.0000mm,Top,0.00
U1,135.0000mm,62.0000mm,Top,0.00
U2,135.0000mm,92.0000mm,Top,0.00
