Ref,Val,Package,PosX,PosY,Rot,Side
"BZ1","BUZZER_PASSIVE_RM7.6","Buzzer_12x9.5RM7.6",26.000000,-160.000000,0.000000,top
"C1","470uF_25V_RELAY_BULK","C_Radial_D10.0mm_H12.5mm_P5.00mm",122.000000,-121.000000,0.000000,top
"C2","100nF_ULN1","C_Disc_D5.0mm_W2.5mm_P5.00mm",133.300000,-86.000000,0.000000,top
"C3","100nF_ULN2","C_Disc_D5.0mm_W2.5mm_P5.00mm",133.300000,-116.500000,0.000000,top
"J1","12V_IN","TerminalBlock_Phoenix_MKDS-1,5-2-5.08_1x02_P5.08mm_Horizontal",28.000000,-194.000000,0.000000,top
"JR1","COM_NO_NC","TerminalBlock_Phoenix_MKDS-1,5-3-5.08_1x03_P5.08mm_Horizontal",142.739999,-25.500000,180.000000,top
"JR2","COM_NO_NC","TerminalBlock_Phoenix_MKDS-1,5-3-5.08_1x03_P5.08mm_Horizontal",162.040000,-25.500000,180.000000,top
"JR3","COM_NO_NC","TerminalBlock_Phoenix_MKDS-1,5-3-5.08_1x03_P5.08mm_Horizontal",181.339999,-25.500000,180.000000,top
"JR4","COM_NO_NC","TerminalBlock_Phoenix_MKDS-1,5-3-5.08_1x03_P5.08mm_Horizontal",200.640000,-25.500000,180.000000,top
"JR5","COM_NO_NC","TerminalBlock_Phoenix_MKDS-1,5-3-5.08_1x03_P5.08mm_Horizontal",219.939999,-25.500000,180.000000,top
"JR6","COM_NO_NC","TerminalBlock_Phoenix_MKDS-1,5-3-5.08_1x03_P5.08mm_Horizontal",239.239999,-25.500000,180.000000,top
"JR7","COM_NO_NC","TerminalBlock_Phoenix_MKDS-1,5-3-5.08_1x03_P5.08mm_Horizontal",258.540000,-25.500000,180.000000,top
"JR8","COM_NO_NC","TerminalBlock_Phoenix_MKDS-1,5-3-5.08_1x03_P5.08mm_Horizontal",277.840000,-25.500000,180.000000,top
"JR9","COM_NO_NC","TerminalBlock_Phoenix_MKDS-1,5-3-5.08_1x03_P5.08mm_Horizontal",314.800000,-47.540000,90.000000,top
"JR10","COM_NO_NC","TerminalBlock_Phoenix_MKDS-1,5-3-5.08_1x03_P5.08mm_Horizontal",314.800000,-66.840000,90.000000,top
"JR11","COM_NO_NC","TerminalBlock_Phoenix_MKDS-1,5-3-5.08_1x03_P5.08mm_Horizontal",314.800000,-86.140000,90.000000,top
"JR12","COM_NO_NC","TerminalBlock_Phoenix_MKDS-1,5-3-5.08_1x03_P5.08mm_Horizontal",314.800000,-105.440000,90.000000,top
"JR13","COM_NO_NC","TerminalBlock_Phoenix_MKDS-1,5-3-5.08_1x03_P5.08mm_Horizontal",314.800000,-124.740000,90.000000,top
"JR14","COM_NO_NC","TerminalBlock_Phoenix_MKDS-1,5-3-5.08_1x03_P5.08mm_Horizontal",314.800000,-144.040000,90.000000,top
"JR15","COM_NO_NC","TerminalBlock_Phoenix_MKDS-1,5-3-5.08_1x03_P5.08mm_Horizontal",314.800000,-163.340000,90.000000,top
"JR16","COM_NO_NC","TerminalBlock_Phoenix_MKDS-1,5-3-5.08_1x03_P5.08mm_Horizontal",314.800000,-182.640000,90.000000,top
"J_ALBA","ALBA_12V_R_G_B","TerminalBlock_Phoenix_MKDS-1,5-4-5.08_1x04_P5.08mm_Horizontal",156.000000,-194.000000,0.000000,top
"J_CASETTE","CASETTE_12V_GND_DATA","TerminalBlock_Phoenix_MKDS-1,5-3-5.08_1x03_P5.08mm_Horizontal",198.000000,-194.000000,0.000000,top
"J_CIELO","CIELO_12V_R_G_B","TerminalBlock_Phoenix_MKDS-1,5-4-5.08_1x04_P5.08mm_Horizontal",108.000000,-194.000000,0.000000,top
"J_NEXT","NEXT_GND","TerminalBlock_Phoenix_MKDS-1,5-2-5.08_1x02_P5.08mm_Horizontal",78.000000,-194.000000,0.000000,top
"J_OLED","OLED_5V_GND_SDA_SCL","TerminalBlock_Phoenix_MKDS-1,5-4-5.08_1x04_P5.08mm_Horizontal",42.000000,-194.000000,0.000000,top
"J_START","START_GND","TerminalBlock_Phoenix_MKDS-1,5-2-5.08_1x02_P5.08mm_Horizontal",65.000000,-194.000000,0.000000,top
"J_STELLE","STELLE_12V_GND_DATA","TerminalBlock_Phoenix_MKDS-1,5-3-5.08_1x03_P5.08mm_Horizontal",180.000000,-194.000000,0.000000,top
"J_TEST","TEST_GND","TerminalBlock_Phoenix_MKDS-1,5-2-5.08_1x02_P5.08mm_Horizontal",91.000000,-194.000000,0.000000,top
"J_TRAMONTO","TRAMONTO_12V_R_G_B","TerminalBlock_Phoenix_MKDS-1,5-4-5.08_1x04_P5.08mm_Horizontal",132.000000,-194.000000,0.000000,top
"K1","G5Q-1_DC12","Relay_SPDT_Omron-G5Q-1",140.200000,-53.000000,90.000000,top
"K2","G5Q-1_DC12","Relay_SPDT_Omron-G5Q-1",159.500000,-53.000000,90.000000,top
"K3","G5Q-1_DC12","Relay_SPDT_Omron-G5Q-1",178.799999,-53.000000,90.000000,top
"K4","G5Q-1_DC12","Relay_SPDT_Omron-G5Q-1",198.100000,-53.000000,90.000000,top
"K5","G5Q-1_DC12","Relay_SPDT_Omron-G5Q-1",217.399999,-53.000000,90.000000,top
"K6","G5Q-1_DC12","Relay_SPDT_Omron-G5Q-1",236.700000,-53.000000,90.000000,top
"K7","G5Q-1_DC12","Relay_SPDT_Omron-G5Q-1",256.000000,-53.000000,90.000000,top
"K8","G5Q-1_DC12","Relay_SPDT_Omron-G5Q-1",275.299999,-53.000000,90.000000,top
"K9","G5Q-1_DC12","Relay_SPDT_Omron-G5Q-1",289.000000,-45.000000,0.000000,top
"K10","G5Q-1_DC12","Relay_SPDT_Omron-G5Q-1",289.000000,-64.300000,0.000000,top
"K11","G5Q-1_DC12","Relay_SPDT_Omron-G5Q-1",289.000000,-83.600000,0.000000,top
"K12","G5Q-1_DC12","Relay_SPDT_Omron-G5Q-1",289.000000,-102.900000,0.000000,top
"K13","G5Q-1_DC12","Relay_SPDT_Omron-G5Q-1",289.000000,-122.200000,0.000000,top
"K14","G5Q-1_DC12","Relay_SPDT_Omron-G5Q-1",289.000000,-141.500000,0.000000,top
"K15","G5Q-1_DC12","Relay_SPDT_Omron-G5Q-1",289.000000,-160.800000,0.000000,top
"K16","G5Q-1_DC12","Relay_SPDT_Omron-G5Q-1",289.000000,-180.100000,0.000000,top
"MCU1","Arduino_Mega2560_R3_Shield","Arduino_Mega2560_R3_Shield",28.000000,-92.000000,0.000000,top
"Q1","IRLZ44N_CIELO_R","TO-220-3_Vertical",56.200000,-135.000000,0.000000,top
"Q2","IRLZ44N_CIELO_G","TO-220-3_Vertical",84.200000,-135.000000,0.000000,top
"Q3","IRLZ44N_CIELO_B","TO-220-3_Vertical",112.200000,-135.000000,0.000000,top
"Q4","IRLZ44N_TRAM_R","TO-220-3_Vertical",56.200000,-150.000000,0.000000,top
"Q5","IRLZ44N_TRAM_G","TO-220-3_Vertical",84.200000,-150.000000,0.000000,top
"Q6","IRLZ44N_TRAM_B","TO-220-3_Vertical",112.200000,-150.000000,0.000000,top
"Q7","IRLZ44N_ALBA_R","TO-220-3_Vertical",56.200000,-165.000000,0.000000,top
"Q8","IRLZ44N_ALBA_G","TO-220-3_Vertical",84.200000,-165.000000,0.000000,top
"Q9","IRLZ44N_ALBA_B","TO-220-3_Vertical",112.200000,-165.000000,0.000000,top
"RBZ1","220R","R_Axial_DIN0207_L6.3mm_D2.5mm_P10.16mm_Horizontal",25.000000,-172.000000,0.000000,top
"RG1","100R_GATE","R_Axial_DIN0207_L6.3mm_D2.5mm_P10.16mm_Horizontal",42.000000,-133.400000,0.000000,top
"RG2","100R_GATE","R_Axial_DIN0207_L6.3mm_D2.5mm_P10.16mm_Horizontal",70.000000,-133.400000,0.000000,top
"RG3","100R_GATE","R_Axial_DIN0207_L6.3mm_D2.5mm_P10.16mm_Horizontal",98.000000,-133.400000,0.000000,top
"RG4","100R_GATE","R_Axial_DIN0207_L6.3mm_D2.5mm_P10.16mm_Horizontal",42.000000,-148.400000,0.000000,top
"RG5","100R_GATE","R_Axial_DIN0207_L6.3mm_D2.5mm_P10.16mm_Horizontal",70.000000,-148.400000,0.000000,top
"RG6","100R_GATE","R_Axial_DIN0207_L6.3mm_D2.5mm_P10.16mm_Horizontal",98.000000,-148.400000,0.000000,top
"RG7","100R_GATE","R_Axial_DIN0207_L6.3mm_D2.5mm_P10.16mm_Horizontal",42.000000,-163.400000,0.000000,top
"RG8","100R_GATE","R_Axial_DIN0207_L6.3mm_D2.5mm_P10.16mm_Horizontal",70.000000,-163.400000,0.000000,top
"RG9","100R_GATE","R_Axial_DIN0207_L6.3mm_D2.5mm_P10.16mm_Horizontal",98.000000,-163.400000,0.000000,top
"RPD1","100K_PULLDOWN","R_Axial_DIN0207_L6.3mm_D2.5mm_P10.16mm_Horizontal",42.000000,-136.600000,0.000000,top
"RPD2","100K_PULLDOWN","R_Axial_DIN0207_L6.3mm_D2.5mm_P10.16mm_Horizontal",70.000000,-136.600000,0.000000,top
"RPD3","100K_PULLDOWN","R_Axial_DIN0207_L6.3mm_D2.5mm_P10.16mm_Horizontal",98.000000,-136.600000,0.000000,top
"RPD4","100K_PULLDOWN","R_Axial_DIN0207_L6.3mm_D2.5mm_P10.16mm_Horizontal",42.000000,-151.600000,0.000000,top
"RPD5","100K_PULLDOWN","R_Axial_DIN0207_L6.3mm_D2.5mm_P10.16mm_Horizontal",70.000000,-151.600000,0.000000,top
"RPD6","100K_PULLDOWN","R_Axial_DIN0207_L6.3mm_D2.5mm_P10.16mm_Horizontal",98.000000,-151.600000,0.000000,top
"RPD7","100K_PULLDOWN","R_Axial_DIN0207_L6.3mm_D2.5mm_P10.16mm_Horizontal",42.000000,-166.600000,0.000000,top
"RPD8","100K_PULLDOWN","R_Axial_DIN0207_L6.3mm_D2.5mm_P10.16mm_Horizontal",70.000000,-166.600000,0.000000,top
"RPD9","100K_PULLDOWN","R_Axial_DIN0207_L6.3mm_D2.5mm_P10.16mm_Horizontal",98.000000,-166.600000,0.000000,top
"RV1","B10K","Potentiometer_Alps_RK09K_Single_Horizontal",32.000000,-138.000000,0.000000,top
"U1","ULN2803A","DIP-18_W7.62mm",133.000000,-62.000000,0.000000,top
"U2","ULN2803A","DIP-18_W7.62mm",133.000000,-92.000000,0.000000,top
